{
  "against_random_player": [
    0.95,
    1.0,
    1.0,
    1.0,
    1.0,
    1.0
  ],
  "loss": [
    NaN,
    NaN,
    NaN,
    NaN,
    NaN,
    NaN,
    2.276454984545708,
    2.102905403971672,
    2.0267364254593847,
    1.9676019340753554,
    1.9234715789556502,
    1.9026602214574815,
    1.87934156447649,
    1.8782016676664353,
    1.8728247553110122,
    1.8615542849898339,
    1.8508440220355988,
    1.8537692102789878,
    1.8502430331707,
    1.8559151870012283,
    1.8583438268303871,
    1.8579380333423614,
    1.8594579228758812,
    1.8579923328757286,
    1.8563007539510727,
    1.8626843801140784,
    1.853339687883854,
    1.8539818155765533,
    1.8569769829511642,
    1.8622160199284554
  ],
  "policy_loss": [
    NaN,
    NaN,
    NaN,
    NaN,
    NaN,
    NaN,
    1.6719501879811287,
    1.6236256766319275,
    1.611300622522831,
    1.5958728808164597,
    1.5871456110477447,
    1.5781472569704056,
    1.5714819833636284,
    1.5687748995423316,
    1.5625181338191032,
    1.5590372464060784,
    1.5516424682736396,
    1.5511800134181977,
    1.5473472660779952,
    1.5484907433390618,
    1.54903951972723,
    1.5450280925631523,
    1.5424997344613076,
    1.5415632659196854,
    1.5401142600178719,
    1.538930086195469,
    1.53500284999609,
    1.535405450463295,
    1.5305414488911628,
    1.5314701864123343
  ],
  "value_loss": [
    NaN,
    NaN,
    NaN,
    NaN,
    NaN,
    NaN,
    0.6045048014819622,
    0.479279727935791,
    0.4154358062148094,
    0.371729049757123,
    0.33632596746087073,
    0.32451296303421256,
    0.3078595857322216,
    0.30942677170038224,
    0.31030662029981615,
    0.3025170411169529,
    0.29920155234634876,
    0.30258919280022384,
    0.3028957685828209,
    0.3074244436994195,
    0.309304309822619,
    0.31290993962436914,
    0.31695818945765497,
    0.3164290687441826,
    0.31618649456650016,
    0.32375429522246124,
    0.31833683427423237,
    0.3185763647407293,
    0.3264355339854956,
    0.3307458335906267
  ],
  "lr": [
    0.0005,
    0.0005,
    0.0005,
    0.0005,
    0.0005,
    0.0005,
    0.0004999923665170853,
    0.000499969466539211,
    0.0004999313014789555,
    0.0004998778736905184,
    0.0004998091864695779,
    0.000499725244053086,
    0.0004996260516190075,
    0.0004995116152859967,
    0.000499381942113027,
    0.0004992370400989487,
    0.0004990769181820026,
    0.0004989015862392619,
    0.0004987110550860265,
    0.0004985053364751561,
    0.0004982844430963428,
    0.0004980483885753307,
    0.000497797187473077,
    0.0004975308552848468,
    0.0004972494084392633,
    0.0004969528642972947,
    0.0004966412411511807,
    0.0004963145582233049,
    0.0004959728356650091,
    0.0004956160945553496
  ]
}